,Datetime,Tweet Id,Text,Location
0,2020-05-09 20:17:06,1259215842237177858,https://t.co/8tXzxXrQl2,"Washington, DC"
1,2020-05-09 20:16:15,1259215629120389121,https://t.co/Y5YUHHSOGa,"Washington, DC"
2,2020-05-09 20:15:52,1259215531153993729,https://t.co/5YNQ2A6GMg,"Washington, DC"
3,2020-05-09 19:14:37,1259200118714183680,"Governor @GavinNewsom of California won‚Äôt let restaurants, beaches and stores open, but he installs a voting booth‚Ä¶ https://t.co/Pi5NbiC0n8","Washington, DC"
4,2020-05-09 19:06:38,1259198107029508096,"Starting early next week, at my order, the USA will be purchasing, from our Farmers, Ranchers &amp; Specialty Crop Grow‚Ä¶ https://t.co/mFbnQf1MKD","Washington, DC"
5,2020-05-09 18:51:12,1259194224555298816,"Why is it that all of the political pundits &amp; consultants that I beat so easily &amp; badly, people that charged their‚Ä¶ https://t.co/GAmQPyAftK","Washington, DC"
6,2020-05-09 18:11:37,1259184263519522816,"RT @madisongesiotto: Gallup: Trump surges to approval high, best ever OK from independents üëçüèΩüá∫üá∏","Washington, DC"
7,2020-05-09 18:09:38,1259183765512957954,RT @kimguilfoyle: Shifty Schiff is quickly turning into Anxious Adam cause he knows he has been caught peddling the biggest sham in America‚Ä¶,"Washington, DC"
8,2020-05-09 18:07:49,1259183305301340163,...And many more! https://t.co/KgORqck2vh,"Washington, DC"
9,2020-05-09 17:59:50,1259181297274142720,RT @PitchingNinja: I still have no idea how Tony Gwynn hits this Big Unit 1-2 slider for a double. https://t.co/7hhgQbSR9a,"Washington, DC"
10,2020-05-09 17:59:45,1259181275962843136,RT @FieldYates: Tony Gwynn played for 20 years and struck out three times in a game... once. Incredible.,"Washington, DC"
11,2020-05-09 17:58:45,1259181026972258305,"RT @MLBONFOX: Tony Gwynn would have turned 60 years old today. Mr. Padre had a legendary career:

üîπFirst Ballot Hall of Fame Inductee
üîπ8√ó N‚Ä¶","Washington, DC"
12,2020-05-09 17:58:35,1259180982793625603,"RT @BaseballQuotes1: Ted Williams and Tony Gwynn talk about reading pitchers, and getting a good pitch to hit

 https://t.co/Q8x21MI8eI","Washington, DC"
13,2020-05-09 16:28:44,1259158370390544384,https://t.co/66006PDuKf,"Washington, DC"
14,2020-05-09 16:17:48,1259155620713975810,CA25 is a Rigged Election. Trying to steal it from @MikeGarcia2020.  @GavinNewsom must act now!,"Washington, DC"
15,2020-05-09 16:09:01,1259153410756153350,TRANSITION TO GREATNESS!,"Washington, DC"
16,2020-05-09 15:53:39,1259149543448420352,RT @MikeGarcia2020: 1/@ChristyforCA25 and her liberal Dem allies didn‚Äôt say anything for weeks even though the polling places were in full‚Ä¶,"Washington, DC"
17,2020-05-09 15:53:36,1259149530240598016,RT @MikeGarcia2020: 2/The right to vote is sacred and something I fought to protect for nearly two decades. But our citizens should also ex‚Ä¶,"Washington, DC"
18,2020-05-09 15:52:49,1259149331761954822,"Mike has my complete &amp; total endorsement. We need him badly in Washington. A great fighter pilot &amp; hero, &amp; a brilli‚Ä¶ https://t.co/5ePaGPHCG3","Washington, DC"
19,2020-05-09 15:45:02,1259147372984180736,"So in California, the Democrats, who fought like crazy to get all mail in only ballots, and succeeded, have just op‚Ä¶ https://t.co/LE9SVxqCWm","Washington, DC"
20,2020-05-09 15:32:51,1259144309657518082,"RT @BillyGraham: ""Life is hard‚Äîbut God is good, and Heaven is real.‚Äù #BillyGraham","Washington, DC"
21,2020-05-09 15:32:33,1259144231983230976,RT @GenFlynn: My grandson Travis...‚Äúand JUSTICE for ALL‚Äù ‚öñÔ∏è‚ù§Ô∏èüôèüá∫üá∏ https://t.co/IuOGugjOC3,"Washington, DC"
22,2020-05-08 23:01:21,1258894788893577216,"RT @FLOTUS: In honor of #VEDay75, @POTUS and I joined some of our nations heros at the World War II Memorial to lay a wreath in commemorati‚Ä¶","Washington, DC"
23,2020-05-08 21:50:40,1258876999461933058,"Vote @MikeGarcia2020 by May 12th! His opponent @ChristyforCA25 voted to fire teachers, and cut their salaries while‚Ä¶ https://t.co/Pb2AXJFDta","Washington, DC"
24,2020-05-08 21:50:15,1258876897519419394,"....He is Strong on Crime, the Border, and Second Amendment. Tom has deep roots in Wisconsin, is a big Tax Cutter,‚Ä¶ https://t.co/HLuYM7KTxs","Washington, DC"
25,2020-05-08 21:50:15,1258876896542101504,Tom Tiffany (@TomTiffanyWI) is a Great Advocate for the incredible people of Wisconsin (WI07). We need Tom in Congr‚Ä¶ https://t.co/nrE0ZwK0rM,"Washington, DC"
26,2020-05-08 20:18:00,1258853681405079552,https://t.co/OtqyujwA1X,"Washington, DC"
27,2020-05-08 20:15:43,1258853107573891075,https://t.co/ykwoWfQfCf,"Washington, DC"
28,2020-05-08 17:02:39,1258804519816826883,https://t.co/HmWa7WXZQr,"Washington, DC"
29,2020-05-08 16:58:27,1258803460394360833,....must read for anybody looking for U.S. Security and Protection. Go get it now and make Tom a Top Best Seller ‚Äî he deserves it!,"Washington, DC"
30,2020-05-08 16:58:26,1258803459303890946,"Retired Ice Director Tom Homan knows more about the Border and Border Security than anyone. He‚Äôs a tough guy, but a‚Ä¶ https://t.co/2tfttYnxrW","Washington, DC"
31,2020-05-08 11:29:39,1258720717258006530,DRAIN THE SWAMP!,"Washington, DC"
32,2020-05-08 11:18:13,1258717838849847298,"Yesterday was a BIG day for Justice in the USA. Congratulations to General Flynn, and many others. I do believe the‚Ä¶ https://t.co/Dy6ECGhMdw","Washington, DC"
33,2020-05-08 11:11:43,1258716204832825344,I will be interviewed on @foxandfriends at 8:00 A.M. Enjoy!,"Washington, DC"
34,2020-05-07 23:56:08,1258546186014748673,https://t.co/gQf2WFmQiC https://t.co/6ZqJ8AAlRc,"Washington, DC"
35,2020-05-07 20:56:56,1258501090200428544,"RT @TeamTrump: President @realDonaldTrump: In every battle, we have placed our loyalty in each other &amp; God - we have prevailed, and we will‚Ä¶","Washington, DC"
36,2020-05-07 20:53:43,1258500282478141441,"RT @GregAbbott_TX: ‚ÄúTexas has been phenomenal,‚Äù Trump said.

We appreciate the President and his team being available 24/7 to help Texas fi‚Ä¶","Washington, DC"
37,2020-05-07 19:55:24,1258485603513110534,RT @WhiteHouse: LIVE: POTUS delivers remarks on National Day of Prayer https://t.co/A2vKtCsqsT,"Washington, DC"
38,2020-05-07 19:30:21,1258479301994954754,https://t.co/914FsNsbu7,"Washington, DC"
39,2020-05-07 18:36:49,1258465829852758016,"RT @FLOTUS: On this second anniversary of my #BeBest initiative I am reminded that now, more than ever, we must continue to work together &amp;‚Ä¶","Washington, DC"
40,2020-05-07 18:36:34,1258465767751856130,"Today, @FLOTUS celebrates the two year anniversary of #BeBest, her initiative dedicated to bringing awareness to is‚Ä¶ https://t.co/ViRtHZQ7CG","Washington, DC"
41,2020-05-07 17:27:25,1258448363281952768,"....are getting caught doing very evil things, and Republicans should take note. This was grave misconduct by the O‚Ä¶ https://t.co/bnykaeba8l","Washington, DC"
42,2020-05-07 17:27:25,1258448362409426944,"Congratulations to former Governor of New Jersey, Chris Christie, and all others involved, on a complete and total‚Ä¶ https://t.co/3J0dernX76","Washington, DC"
43,2020-05-07 16:25:56,1258432889303248896,"As you know, I designated this day to be a National Day of Prayer. As our Nation heals, our Spirit has never been S‚Ä¶ https://t.co/EyPHRhizAR","Washington, DC"
44,2020-05-06 20:41:23,1258134788294270977,https://t.co/lZYGaD72Og,"Washington, DC"
45,2020-05-06 20:32:09,1258132467661320194,"RT @WhiteHouse: ""The partnership and collaboration as we went through this pandemic has been incredible,"" @IAGovernor said. https://t.co/Fk‚Ä¶","Washington, DC"
46,2020-05-06 18:55:26,1258108127959973900,"RT @WhiteHouse: Just now, President @realDonaldTrump welcomed incredible healthcare warriors to the Oval Office in honor of National Nurses‚Ä¶","Washington, DC"
47,2020-05-06 15:16:53,1258053124893347841,The Fake News has reached an all time high!,"Washington, DC"
48,2020-05-06 14:30:45,1258041515630301186,"RT @Jim_Jordan: The Senate is back in session. But the House is missing in action. 

Our latest op-ed. 
https://t.co/nbplyRyngo","Washington, DC"
49,2020-05-06 13:06:13,1258020241063510018,"....to it, as appropriate. The Task Force will also be very focused on Vaccines &amp; Therapeutics. Thank you!","Washington, DC"
50,2020-05-06 13:06:09,1258020228006584320,"....gloves, gowns etc. are now plentiful. The last four Governors teleconference calls have been conclusively stron‚Ä¶ https://t.co/0iWGDU7Sbn","Washington, DC"
51,2020-05-06 13:06:06,1258020211883638786,"....produced in the thousands, and we have many to spare. We are helping other countries which are desperate for th‚Ä¶ https://t.co/oLgLVVz55w","Washington, DC"
52,2020-05-06 13:05:58,1258020179692445697,"The White House CoronaVirus Task Force, headed by Vice President Mike Pence, has done a fantastic job of bringing t‚Ä¶ https://t.co/JxkeIqhnNm","Washington, DC"
53,2020-05-06 03:22:09,1257873257732214784,Thank you @Honeywell! https://t.co/4jH6NF63XI,"Washington, DC"
54,2020-05-06 01:52:17,1257850643965972480,"RT @realDonaldTrump: For the constant criticism from the Do Nothing Democrats and their Fake News partners, here is the newest chart on our‚Ä¶","Washington, DC"
55,2020-05-06 01:50:21,1257850156000698369,RT @NNVPLizer2019: ‚ÄúThe Navajo Nation is a Nation within a Nation. We appreciate President Trump for supplying our Tribal Reservation with‚Ä¶,"Washington, DC"
56,2020-05-06 00:02:17,1257822958522753024,https://t.co/cnQ4tL0aN3,"Washington, DC"
57,2020-05-05 22:07:58,1257794190487912450,RT @TeamTrump: Owners of Sammy‚Äôs Mexican Restaurant to President @realDonaldTrump: Latinos are going to vote for you because you‚Äôre doing a‚Ä¶,"Washington, DC"
58,2020-05-05 22:06:11,1257793742540386304,"I was thrilled to be back in the Great State of Arizona with the incredible, patriotic, and hardworking men and wom‚Ä¶ https://t.co/zcMb4YAJr1","Washington, DC"
59,2020-05-05 20:25:31,1257768408256409601,Will be doing a major interview tonight at 6:30 P.M. Eastern with @DavidMuir on @ABCWorldNews Tonight.,"Washington, DC"
60,2020-05-05 19:25:14,1257753237790158848,"On #NationalTeacherDay, we recognize the countless men and women who dedicate their lives to instilling character,‚Ä¶ https://t.co/JWRaUAcSup","Washington, DC"
61,2020-05-05 18:51:34,1257744763832299520,Getting ready to land in the Great State of Arizona!,"Washington, DC"
62,2020-05-05 18:50:20,1257744456591130624,"Wow! Congratulations to Greg Gutfeld, a one time Trump Hater who has come all the way home. His Ratings easily beat‚Ä¶ https://t.co/yMR1WdY0nZ","Washington, DC"
63,2020-05-05 18:37:54,1257741326650470400,"Well run States should not be bailing out poorly run States, using CoronaVirus as the excuse! The elimination of Sa‚Ä¶ https://t.co/eD0NxzR9Mq","Washington, DC"
64,2020-05-05 18:18:26,1257736426206031874,"Most of the money raised by the RINO losers of the so-called ‚ÄúLincoln Project‚Äù, goes into their own pockets. With w‚Ä¶ https://t.co/8GiWe32Cjb","Washington, DC"
65,2020-05-05 17:44:02,1257727770697719809,"RT @RepMarkWalker: .@RepRatcliffe is the right choice for Director of National Intelligence ‚Äì and for America.

https://t.co/ZaVdYA2j3A","Washington, DC"
66,2020-05-05 17:35:53,1257725719469158401,Remember this? Happy #CincoDeMayo! https://t.co/1jDZHNTHHj,"Washington, DC"
67,2020-05-05 16:55:29,1257715551729676289,"The Do Nothing Democrats and their leader, the Fake News Lamestream Media, are doing everything possible to hurt an‚Ä¶ https://t.co/kfs6vMo30Q","Washington, DC"
68,2020-05-05 16:52:10,1257714716492722176,"For the constant criticism from the Do Nothing Democrats and their Fake News partners, here is the newest chart on‚Ä¶ https://t.co/ii4nG2nZN5","Washington, DC"
69,2020-05-05 15:38:57,1257696293054382084,RT @RepGosar: Honored to join President @realDonaldTrump on board Air Force One today! üá∫üá∏,"Washington, DC"
70,2020-05-05 15:36:13,1257695603229745153,RT @RepDLesko: Excited to join @realDonaldTrump today on Air Force One for his visit to a @honeywell facility in Arizona! https://t.co/4wuO‚Ä¶,"Washington, DC"
71,2020-05-05 15:35:29,1257695419364077569,RT @dougducey: Arizona is proud to welcome @realDonaldTrump to our state today! We are very thankful for his leadership in addressing #COVI‚Ä¶,"Washington, DC"
72,2020-05-05 15:26:04,1257693047770558465,RT @TeamTrump: President @realDonaldTrump: We are going to build the greatest economy in the world AGAIN! https://t.co/QzGf0kk137,"Washington, DC"
73,2020-05-05 15:25:53,1257693004623605761,RT @TeamTrump: President @realDonaldTrump: The Democrats want us to fail so they can win an election which they‚Äôre not going to win https:/‚Ä¶,"Washington, DC"
74,2020-05-05 13:13:29,1257659682816241665,"Governors should let roads and highway construction begin before heavy traffic starts, which will be soon. Some Gov‚Ä¶ https://t.co/khNsNQhkSM","Washington, DC"
75,2020-05-05 12:39:33,1257651144739950593,Heading to Arizona!,"Washington, DC"
76,2020-05-05 12:36:07,1257650279740301314,Oil prices moving up nicely as demand begins again!,"Washington, DC"
77,2020-05-05 12:33:32,1257649628327153664,Exciting to see our Country starting to open up again! https://t.co/My5yPSZdS3,"Washington, DC"
78,2020-05-05 12:24:05,1257647253038211073,"RT @GOPChairwoman: ‚ÄúThe mobilization of the private sector has been extraordinary. For instance, N95 masks alone, @realDonaldTrump has depl‚Ä¶","Washington, DC"
79,2020-05-05 12:22:50,1257646937530077186,"RT @GOPChairwoman: Across the country, the #PaycheckProtectionProgram that @realDonaldTrump signed is helping Americans.
 
And in Wisconsin‚Ä¶","Washington, DC"
80,2020-05-05 12:22:39,1257646891338268677,"RT @WhiteHouse: ""China‚Äôs economy has thrived through the manufacture of American products,"" Andy Puzder and Bill Hagerty write.

It's time‚Ä¶","Washington, DC"
81,2020-05-05 12:22:18,1257646802716803073,RT @JesseBWatters: What would the media say if Barack Obama were president during the Coronavirus Pandemic and handled it the same way as @‚Ä¶,"Washington, DC"
82,2020-05-05 12:20:45,1257646413024055296,"RT @GOPChairwoman: Amazing. @realDonaldTrump truly has the best volunteers, and it‚Äôs going to pay off big time come Election Day! #LeadRigh‚Ä¶","Washington, DC"
83,2020-05-05 12:19:39,1257646137072390145,"RT @PressSec: Governor Phil Murphy: President @realDonaldTrump ""knows New Jersey. He and his team have been extremely responsive in our hou‚Ä¶","Washington, DC"
84,2020-05-05 04:46:34,1257532114666508291,"....lost for Evan ‚ÄúMcMuffin‚Äù McMullin (to me). Steve Schmidt &amp; Reed Galvin lost for John McCain, Romney‚Äôs campaign‚Ä¶ https://t.co/skBEbZA5T1","Washington, DC"
85,2020-05-05 04:46:34,1257532112233803782,"....because they don‚Äôt know how to win, and their so-called Lincoln Project is a disgrace to Honest Abe. I don‚Äôt kn‚Ä¶ https://t.co/ej13m0YTtK","Washington, DC"
86,2020-05-05 04:46:33,1257532110971318274,"....get even for all of their many failures. You see, these loser types don‚Äôt care about 252 new Federal Judges, 2‚Ä¶ https://t.co/A25kGEZQ6s","Washington, DC"
87,2020-05-05 04:46:31,1257532101966036993,"A group of RINO Republicans who failed badly 12 years ago, then again 8 years ago, and then got BADLY beaten by me,‚Ä¶ https://t.co/CO5Px2ONdd","Washington, DC"
88,2020-05-05 02:45:35,1257501668821868545,THANK YOU #USNSComfort! https://t.co/Hp89n5xGIK,"Washington, DC"
89,2020-05-04 22:35:30,1257438733240094726,MSDNC and FAKE NEWS CNN are going wild trying to protect China!,"Washington, DC"
90,2020-05-04 22:35:02,1257438615828865025,"A great new book, ‚ÄúFortitude: American Resilience in the Era of Outrage‚Äù by former Navy Seal, and current Texas Con‚Ä¶ https://t.co/vqGY6umPBR","Washington, DC"
91,2020-05-04 22:08:27,1257431924190121985,"RT @GOPLeader: Despite my call to Speaker Pelosi to establish a clear, safe, and effective plan for reopening the House of Representatives,‚Ä¶","Washington, DC"
92,2020-05-04 14:24:08,1257315077243334656,"Interesting? By Congress not wanting the special 5 minute testing apparatus, they are saying that they are not ‚Äúess‚Ä¶ https://t.co/sBSGmJf8wc","Washington, DC"
93,2020-05-04 13:42:13,1257304527843110914,"Mexico is sadly experiencing very big CoronaVirus problems, and now California, get this, doesn‚Äôt want people comin‚Ä¶ https://t.co/PN6GbAtCGg","Washington, DC"
94,2020-05-04 13:36:33,1257303100815261696,"Republicans love the biggest Tax Cuts, Rebuilt Military, Choice for Vets, saving 2nd Amendment and many other thing‚Ä¶ https://t.co/601YXOgDiN","Washington, DC"
95,2020-05-04 12:31:46,1257286796523814914,"And I‚Äôm Endorsing you also Lacy, you truly deserve it. You are doing a great job, and Omar is a disaster who wants‚Ä¶ https://t.co/LbKRvRJZqH","Washington, DC"
96,2020-05-04 12:19:45,1257283775375040512,"Getting great reviews, finally, for how well we are handling the pandemic, especially our strong production of desp‚Ä¶ https://t.co/4xJpfLoyKa","Washington, DC"
97,2020-05-04 10:38:11,1257258214615367680,‚ÄúConcast‚Äù should open up a long overdue Florida Cold Case against Psycho Joe Scarborough. I know him and Crazy Mika‚Ä¶ https://t.co/4t6txeh046,"Washington, DC"
98,2020-05-04 02:42:50,1257138589307219969,I‚Äôm with the TRUCKERS all the way. Thanks for the meeting at the White House with my representatives from the Admin‚Ä¶ https://t.co/AQUE9aH4bU,"Washington, DC"
99,2020-05-04 02:06:38,1257129479455080448,https://t.co/cnQ4tKIzVv,"Washington, DC"
100,2020-05-03 22:08:28,1257069539294171140,https://t.co/O4iRRKJkyS,"Washington, DC"
101,2020-05-03 20:41:08,1257047564219822080,Thank you Ryan. Working hard! https://t.co/ZnYgTI3Qux,"Washington, DC"
102,2020-05-03 20:38:40,1257046941491437569,"RT @DavidJHarrisJr: States will have to give up sanctuary policies to receive a bailout, says Trump.
https://t.co/UrpeprR281","Washington, DC"
103,2020-05-03 20:38:26,1257046885552066562,"RT @DavidJHarrisJr: A storm is coming...
https://t.co/Ob06DTMKrc","Washington, DC"
104,2020-05-03 20:38:18,1257046850340782087,"RT @DavidJHarrisJr: Adam Schiff hides important transcripts from the American people.
https://t.co/esyYLfC5qP","Washington, DC"
105,2020-05-03 20:37:49,1257046729536483329,"RT @DavidJHarrisJr: Evidence has surfaced that indicates Barack Obama was the one running the Russian hoax. 
https://t.co/XeXFlWzupV","Washington, DC"
106,2020-05-03 20:22:31,1257042876334321664,RT @Reuters: Roche gets FDA emergency use approval for COVID-19 antibody test https://t.co/vo7nAK58ox https://t.co/eKbCjUuPU7,"Washington, DC"
107,2020-05-03 20:18:19,1257041820124680192,"....Fake News got it wrong again, as always, and tens of thousands of lives were saved by my EARLY BAN of China int‚Ä¶ https://t.co/JqJSLogwWZ","Washington, DC"
108,2020-05-03 20:18:19,1257041819097092096,"Intelligence has just reported to me that I was correct, and that they did NOT bring up the CoronaVirus subject mat‚Ä¶ https://t.co/ZayH9A0ox4","Washington, DC"
109,2020-05-03 18:10:00,1257009530673803268,Thank you very much to our beautiful ‚Äúboaters.‚Äù I will never let you down! https://t.co/Ot5Ffnjj9G,"Washington, DC"
110,2020-05-03 14:43:31,1256957565562486784,"....And then came a Plague, a great and powerful Plague, and the World was never to be the same again! But America‚Ä¶ https://t.co/X1ePUkGoP3","Washington, DC"
111,2020-05-03 14:36:19,1256955754428448768,So nice to see this great honor. Thank you (but haven‚Äôt played golf in a long time)! https://t.co/FfJyUmRdGi,"Washington, DC"
112,2020-05-03 14:30:44,1256954349491818501,Going well despite the Fake News! https://t.co/WXqcomjahx,"Washington, DC"
113,2020-05-03 14:29:27,1256954027268603904,RT @realDonaldTrump: Concast (@NBCNews) and Fake News @CNN are going out of their way to say GREAT things about China. They are Chinese pup‚Ä¶,"Washington, DC"
114,2020-05-03 14:28:45,1256953847907581956,RT @realDonaldTrump: Don‚Äôt allow RIGGED ELECTIONS!,"Washington, DC"
115,2020-05-03 14:28:19,1256953738943660034,"RT @realDonaldTrump: 96% Approval Rating in the Republican Party. Thank you! Also, just out, highest ever Approval Rating overall in the ne‚Ä¶","Washington, DC"
116,2020-05-03 13:00:38,1256931676099350528,Some things never get old! https://t.co/0GHkJjNbZL,"Washington, DC"
117,2020-05-03 12:57:40,1256930926485024768,Progress being made! https://t.co/cqHKwJCJNm,"Washington, DC"
118,2020-05-03 12:56:15,1256930571760087041,Thank you! https://t.co/GAFe1AdZpt,"Washington, DC"
119,2020-05-03 12:54:31,1256930134512357377,Keep punching Mike! https://t.co/QwFcFQ8B5O,"Washington, DC"
120,2020-05-03 12:52:37,1256929658890792960,Thank you! https://t.co/s3aLt9qTVZ,"Washington, DC"
121,2020-05-03 12:49:43,1256928926124904448,Wow! https://t.co/90GHsQRBAB,"Washington, DC"
122,2020-05-03 12:46:51,1256928204801089539,"Hopefully our Country will soon mend. We are all missing our wonderful rallies, and many other things! https://t.co/LX8TyBzsXO","Washington, DC"
123,2020-05-03 12:20:05,1256921471286468609,"Many complaints coming in about Maine. I love that State, won Maine 2 - Don‚Äôt make the cure worse than the problem‚Ä¶ https://t.co/0FJ9HLqC4x","Washington, DC"
124,2020-05-03 11:59:29,1256916284685586434,"RT @DeAnna4Congress: For the #TrumpIsNotADoctor crowd...

Bill Nye is not a scientist.

Greta Thunberg is not a climate expert.

Hillary Cl‚Ä¶","Washington, DC"
125,2020-05-03 11:57:19,1256915740432760835,"The Fake News doesn‚Äôt show real polls. Lamestream Media is totally CORRUPT, the Enemy of the People! https://t.co/Agwb3u5QFd","Washington, DC"
126,2020-05-03 11:46:42,1256913066861760512,"RT @realDonaldTrump: Border Wall is going up FAST. Over 172 miles already built. 450 miles by early next year, or sooner! Dems want OPEN BO‚Ä¶","Washington, DC"
127,2020-05-03 11:45:37,1256912796673073153,RT @realDonaldTrump: Very cool. Please thank him!,"Washington, DC"
128,2020-05-03 11:42:16,1256911953903202307,".@PeteHegseth  ‚ÄúOh bye the way, I appreciate the message from former President Bush, but where was he during Impeac‚Ä¶ https://t.co/ewEEMatOp8","Washington, DC"
129,2020-05-03 03:30:19,1256788149113520129,"Beautiful, thank you to our GREAT @BlueAngels and @AFThunderbirds! https://t.co/42ftZmOlQe","Washington, DC"
130,2020-05-02 23:04:53,1256721351722876933,"No reason to turn it down, except politics. We have plenty of testing. Maybe you need a new Doctor over there. Craz‚Ä¶ https://t.co/tt62VSnw7f","Washington, DC"
131,2020-05-02 23:00:39,1256720284540981248,"The Democrats are just, as always, looking for trouble. They do nothing constructive, even in times of crisis. They‚Ä¶ https://t.co/g4ZEYp2GAy","Washington, DC"
132,2020-05-02 22:32:38,1256713236331794437,Not much time to sleep. Thank you! https://t.co/ilWlYrdfh1,"Washington, DC"
133,2020-05-02 22:26:23,1256711660787695616,"So true, although Honest Abe wasn‚Äôt bad. Thank you! https://t.co/Bb4736mgxa","Washington, DC"
134,2020-05-02 21:51:30,1256702883199881216,"She was thrown off The View like a dog, Zero T.V. Personas. Now Wallace is a 3rd rate lapdog for Fake News MSDNC (C‚Ä¶ https://t.co/UwLHLRnePs","Washington, DC"
135,2020-05-02 21:42:01,1256700496762548236,RT @TomFitton: Mueller did it.,"Washington, DC"
136,2020-05-02 21:38:18,1256699559713087494,"RT @NextRevFNC: SUNDAY! @RepMattGaetz, @LisaMarieBoothe, and @SaraCarterDC return to #NextRevFNC! Tune in at 9pm ET on @FoxNews! https://t.‚Ä¶","Washington, DC"
137,2020-05-02 21:37:36,1256699385171361792,RT @NextRevFNC: TOMORROW! @LisaMarieBoothe returns to #NextRevFNC! Tune in at 9pm ET on @FoxNews! https://t.co/XkOoTfmZ1F,"Washington, DC"
138,2020-05-02 21:34:47,1256698677864861697,Very cool. Please thank him! https://t.co/7nc79fCFip,"Washington, DC"
139,2020-05-02 21:30:01,1256697475697717250,"RT @Arightside: Tomorrow I‚Äôll be joined by @SebGorka, @STEPHMHAMILL and other distinguished guests to discuss the 2020 Presidential Electio‚Ä¶","Washington, DC"
140,2020-05-02 21:29:43,1256697402226024458,RT @STEPHMHAMILL: They didn‚Äôt ... üßêüßêüßêüßê,"Washington, DC"
141,2020-05-02 21:29:21,1256697309641035782,"RT @charliekirk11: What changed, @SpeakerPelosi?

ü§î https://t.co/y5wZxVdWlh","Washington, DC"
142,2020-05-02 21:27:21,1256696807297634306,"RT @ChanelRion: Should we ""get him to lie"" or ""get him fired?""

Latest FBI memo on @GenFlynn exposes a portrait of NeverTrump actors wieldi‚Ä¶","Washington, DC"
143,2020-05-02 21:25:45,1256696404917059585,RT @Alyssafarah: The Trump Admin is making sure senior citizens are safe &amp; have access to the resources they need during coronavirus. In ad‚Ä¶,"Washington, DC"
144,2020-05-02 21:24:13,1256696015702425601,"I, for one, am glad to see he is back, and well! https://t.co/mIWVeRMnOJ","Washington, DC"
145,2020-05-02 21:14:35,1256693593961627655,"Border Wall is going up FAST. Over 172 miles already built. 450 miles by early next year, or sooner! Dems want OPEN‚Ä¶ https://t.co/gtmPplAx4f","Washington, DC"
146,2020-05-02 21:07:51,1256691898821095424,"RT @OANN: In this edition of One America News Investigates, Neil W. McCabe presents an in-depth report on corruption by former Vice Preside‚Ä¶","Washington, DC"
147,2020-05-02 21:07:34,1256691828516151296,"The Impeachment Hoax will be exposed. Crazy Nancy gets Nothing Done, that‚Äôs why she got thrown out as Speaker the f‚Ä¶ https://t.co/BdLjetQ1c1","Washington, DC"
148,2020-05-02 20:49:24,1256687254703157252,"I hate to be promoting AT&amp;T, but @OANN is Great News, not Fake News. Everybody should be carrying them! https://t.co/b2fx9w0zqq","Washington, DC"
149,2020-05-02 20:36:12,1256683935444226048,That‚Äôs right Jack. Keep up the good work! https://t.co/q8DdMbW0hl,"Washington, DC"
150,2020-05-02 20:17:17,1256679173264998401,RT @JackPosobiec: BLUE ANGELS DC https://t.co/2XDZMDL94N,"Washington, DC"
151,2020-05-02 20:05:17,1256676153630363649,https://t.co/viZkbzM7Sp,"Washington, DC"
152,2020-05-02 19:51:36,1256672708743569408,RT @Scavino45: https://t.co/EZhD1ztgQG,"Washington, DC"
153,2020-05-02 17:02:15,1256630090328346624,Thank you Michael. You also! https://t.co/VFi6Nhj3zG,"Washington, DC"
154,2020-05-02 16:57:01,1256628773778317312,"RT @TrumpWarRoom: The FBI found ""no derogatory information"" about @GenFlynn. But they decided to crush him anyway.

""There is nothing worse‚Ä¶","Washington, DC"
155,2020-05-02 16:56:46,1256628709496369152,The Russia Hoax is the biggest political scandal in American history. Treason!!! Lets see how it ends???? https://t.co/VRsVdiQrsf,"Washington, DC"
156,2020-05-02 16:49:25,1256626861368582146,RT @ScottAdamsSays: Join me for a quick laugh about the funniest Trump kill shot on Biden. Ever.ü§£ü§£ü§£ü§£ü§£ü§£ https://t.co/xn6U5w5iZe,"Washington, DC"
157,2020-05-02 16:49:20,1256626842062278661,RT @ScottAdamsSays: This kill shot is so perfectly executed it is painful to watch . . . and still funny. ü§£ü§£ü§£,"Washington, DC"
158,2020-05-02 16:44:25,1256625602528006144,RT @ScottAdamsSays: Poll for Democrats only. Are you aware that most of the political news you consume is either misleading and out of cont‚Ä¶,"Washington, DC"
159,2020-05-02 16:42:04,1256625013945499651,RT @ScottAdamsSays: Greg Gutfeld on Biden response to Tara Reade claims: He 'was doing great in that interview until he confessed' https://‚Ä¶,"Washington, DC"
160,2020-05-02 14:31:12,1256592077355397121,"RT @ndrewkellyborel: @JackPosobiec It's an absolute disgrace what they've done to @GenFlynn and his family.

This is one of the most highly‚Ä¶","Washington, DC"
161,2020-05-02 14:29:36,1256591675281072128,"RT @LJ4_All: @thejtlewis @realDonaldTrump Why does MSM ignore this???

Why do people ignore that he doesn't care about the #American worker‚Ä¶","Washington, DC"
162,2020-05-02 14:29:14,1256591582981238790,RT @thejtlewis: @realDonaldTrump Sleepy Joe fell asleep during his last town hall! https://t.co/PTAdesPUk5,"Washington, DC"
163,2020-05-02 14:21:02,1256589520608378881,Thank you! https://t.co/LSGA6Tg0zk,"Washington, DC"
164,2020-05-02 14:20:28,1256589376605294593,"RT @DeAnna4Congress: @realDonaldTrump At this rate, if you don't support Trump and you're a Republican you've gone entirely mad.","Washington, DC"
165,2020-05-02 14:20:17,1256589330501505024,"RT @SexCounseling: @realDonaldTrump All of the Democrats stick together, that's a lesson that the Republican party needs to learn, support‚Ä¶","Washington, DC"
166,2020-05-02 14:20:07,1256589289602908161,"RT @SexCounseling: @realDonaldTrump As far as I am concerned, it should be a 100% approval from all of the Republican party, whats wrong wi‚Ä¶","Washington, DC"
167,2020-05-02 13:17:42,1256573581657604096,"96% Approval Rating in the Republican Party. Thank you! Also, just out, highest ever Approval Rating overall in the‚Ä¶ https://t.co/9tpbLF5Kh9","Washington, DC"
168,2020-05-02 13:06:53,1256570859935932416,There is tremendous CoronaVirus testing capacity in Washington for the Senators returning to Capital Hill on Monday‚Ä¶ https://t.co/pdGmDWLgH7,"Washington, DC"
169,2020-05-02 03:42:15,1256428766110404608,https://t.co/UIazMAipNa,"Washington, DC"
170,2020-05-01 23:38:59,1256367545466212353,"RT @LouDobbs: Stunning Silence: @KimStrassel says when it comes to sexual assault allegations against Joe Biden, it‚Äôs as if the ‚ÄúMe Too‚Äù mo‚Ä¶","Washington, DC"
171,2020-05-01 23:38:19,1256367378369314816,"RT @KimStrassel: The FBI knew Michael Flynn wasn‚Äôt colluding with Russia, so it plotted to ‚Äòget him to lie.‚Äô New documents reveal that, by‚Ä¶","Washington, DC"
172,2020-05-01 23:36:20,1256366878873792512,Don‚Äôt allow RIGGED ELECTIONS! https://t.co/DeZ5B3TEv5,"Washington, DC"
173,2020-05-01 23:32:05,1256365810345488384,RT @GovRonDeSantis: Thank you Dr. Lockwood and medical staff at @TGHCares for your contributions and perspective on Florida‚Äòs fight against‚Ä¶,"Washington, DC"
174,2020-05-01 23:30:01,1256365290276958211,RT @ScottGottliebMD: Positivity rates for covid19 testing nationally are starting to decline as testing expands sharply and we move more te‚Ä¶,"Washington, DC"
175,2020-05-01 23:28:32,1256364913997623297,"RT @CDCgov: If you must travel, take these steps to protect yourself &amp; others from #COVID19 during your trip. https://t.co/6cRDaMnVUV https‚Ä¶","Washington, DC"
176,2020-05-01 23:28:16,1256364848910393344,RT @ScottGottliebMD: A big win for patients and the first building block in what will be an improving toolbox for reducing death and diseas‚Ä¶,"Washington, DC"
177,2020-05-01 22:52:26,1256355830917726211,https://t.co/wPqRmK8HeA,"Washington, DC"
178,2020-05-01 22:51:25,1256355575576834052,https://t.co/iO6O7AkVqJ,"Washington, DC"
179,2020-05-01 22:51:07,1256355497223094272,"RT @WhiteHouse: President @realDonaldTrump honored several individuals today who have responded to this invisible enemy with courage, deter‚Ä¶","Washington, DC"
180,2020-05-01 21:57:23,1256341977261621248,RT @FDNY: FDNY members show their appreciation for 100 @FEMA National Ambulance Contract units as they deploy back home after 30 days spent‚Ä¶,"Washington, DC"
181,2020-05-01 21:54:57,1256341364129832961,"RT @AFThunderbirds: Tomorrow's #AmericaStrong flyover serves as a salute to frontline #COVID responders.

#InThisTogether üá∫üá∏ https://t.co/l‚Ä¶","Washington, DC"
182,2020-05-01 21:54:37,1256341277936963584,RT @WhiteHouse: LIVE: President @realDonaldTrump at Presidential Recognition Ceremony https://t.co/5ntEJgoV7E,"Washington, DC"
183,2020-05-01 20:44:07,1256323537939230720,https://t.co/EyDbvD3UnX,"Washington, DC"
184,2020-05-01 20:05:58,1256313938247127041,....Together we will Fight for Small Businesses and Protect American Energy workers! Shelley has my Complete and To‚Ä¶ https://t.co/yID6RpH1zK,"Washington, DC"
185,2020-05-01 20:05:58,1256313936980226048,Senator Shelley Moore Capito (@CapitoforWV) is doing a tremendous job for the great people of West Virginia! She st‚Ä¶ https://t.co/QYzfMVdrEB,"Washington, DC"
186,2020-05-01 15:27:29,1256243856166850560,Concast (@NBCNews) and Fake News @CNN are going out of their way to say GREAT things about China. They are Chinese‚Ä¶ https://t.co/ctmALyEWq4,"Washington, DC"
187,2020-05-01 13:37:39,1256216213375639558,"RT @StevenTDennis: Trump gets bump in latest Gallup Poll:
49% approval (+6, tied for his best)
47% disapproval (-7)","Washington, DC"
188,2020-05-01 12:42:23,1256202305680158720,"The Governor of Michigan should give a little, and put out the fire. These are very good people, but they are angry‚Ä¶ https://t.co/N9En6o8DcP","Washington, DC"
189,2020-05-01 12:14:36,1256195312965877760,"Cryin Chuck Schumer, compared to what other Senators have brought home to their states, has brought very little bac‚Ä¶ https://t.co/dzok8MiJDQ","Washington, DC"
190,2020-05-01 12:07:51,1256193615724007425,Cryin‚Äô Chuck Schumer was on a late night show using a false talking point over &amp; over again. ‚ÄúWe don‚Äôt have enough‚Ä¶ https://t.co/7yfcoyfzXJ,"Washington, DC"
191,2020-05-01 11:56:52,1256190851165892609,RT @TeamTrump: President @realDonaldTrump: ‚ÄúWe‚Äôve spent 8 trillion dollars in the Middle East and we‚Äôre not fixing our roads.‚Äù https://t.co‚Ä¶,"Washington, DC"
192,2020-05-01 11:56:16,1256190701618028544,"RT @Mike_Pence: Under President @realDonaldTrump‚Äôs leadership, we gave @GM and @MyVOCSN the authority under the Defense Production Act to i‚Ä¶","Washington, DC"
193,2020-05-01 11:55:42,1256190556839051264,Dirty Cop! https://t.co/xrB4PYTV0J,"Washington, DC"
194,2020-05-01 11:54:40,1256190299572969473,"RT @Mike_Pence: Since the first days of this pandemic, President @realDonaldTrump has brought a whole of America response &amp; we‚Äôre making gr‚Ä¶","Washington, DC"
195,2020-05-01 11:54:13,1256190183298473985,"I have done more for farmers and ranchers than any President in history, and it has been my honor in doing so! https://t.co/YcCznszW7P","Washington, DC"
196,2020-05-01 11:51:54,1256189600675971072,"RT @WhiteHouse: President @realDonaldTrump is using the Defense Production Act to ensure that Americans have a reliable supply of beef, por‚Ä¶","Washington, DC"
197,2020-05-01 11:51:14,1256189433071767552,RT @GOPChairwoman: Our supporters are working hard every day and getting the message out about @realDonaldTrump‚Äôs leadership. We‚Äôre going t‚Ä¶,"Washington, DC"
198,2020-05-01 04:36:58,1256080145053614081,"RT @hughhewitt: The always careful ‚Å¶@EliLake‚Å© is even more cautious here, but he and ‚Å¶@AndrewCMcCarthy‚Å© are pointing in the same direction‚Ä¶","Washington, DC"
199,2020-05-01 01:46:47,1256037319963967488,RT @SenTomCotton: The CCP‚Äôs Military-Civil Fusion strategy blurs the distinction between Chinese military &amp; civilian end-users. I commend t‚Ä¶,"Washington, DC"
